hour_bin,total_pnl,avg_pnl,total_trades,wins,win_rate
09:30-10:29,798197.06,3874.74,206,175,0.849515
10:30-11:29,210375.84,2337.51,90,68,0.755556
11:30-12:29,233998.09,2659.07,88,64,0.727273
12:30-13:29,270782.89,3562.93,76,63,0.828947
13:30-14:29,229318.87,2831.1,81,56,0.691358
14:30-15:29,186030.69,2906.73,64,52,0.8125
15:30-16:00,1097437.36,3397.64,323,269,0.832817
