event_type,total_pnl,avg_pnl,total_trades,wins,win_rate
CPI,259208.42,4469.11,58,52,0.896552
FOMC,75442.66,2601.47,29,20,0.689655
NFP,90925.14,2331.41,39,28,0.717949
PCE,192116.79,3767.0,51,43,0.843137
