weekday,total_pnl,avg_pnl,total_trades,wins,win_rate
Monday,306423.08,3482.08,88,74,0.840909
Tuesday,743593.53,3334.5,223,183,0.820628
Wednesday,731816.48,3281.69,223,175,0.784753
Thursday,674101.44,3387.44,199,163,0.819095
Friday,570206.26,2924.13,195,152,0.779487
