hour_bin,total_trades,total_pnl,avg_pnl,wins,win_rate,avg_return_pct,win_ci_low,win_ci_high,sample_ok
09:30-10:29,346,24528.456346600397,70.89149233121502,225,0.6502890173410405,0.28356596932486006,0.5986402565441066,0.6986372598216813,True
10:30-11:29,397,25264.605501606577,63.638804789941,246,0.6196473551637279,0.254555219159764,0.5709613203403565,0.6660401122946238,True
11:30-12:29,301,-7333.786262266487,-24.364738412845472,143,0.4750830564784053,-0.0974589536513819,0.41933771063389974,0.5314563839160056,True
12:30-13:29,252,-7143.263186848422,-28.34628248749374,120,0.47619047619047616,-0.11338512994997496,0.41534858695455307,0.5377473652991818,True
13:30-14:29,211,-17608.735109739366,-83.4537208992387,86,0.4075829383886256,-0.3338148835969548,0.3435077438844589,0.47496304748849827,True
14:30-15:29,157,-14392.831980417715,-91.6740890472466,62,0.39490445859872614,-0.3666963561889864,0.32182758510154796,0.4730014332251985,True
15:30-16:00,277,-41084.136200382374,-148.31818122881722,112,0.4043321299638989,-0.5932727249152688,0.34822886305751855,0.4630525616204584,True
