event_type,total_trades,total_pnl,avg_pnl,wins,win_rate,avg_return_pct,win_ci_low,win_ci_high,sample_ok
CPI,41,-2534.714779588385,-61.82231169727769,19,0.4634146341463415,-0.24728924678911077,0.32056233976336046,0.6125352873233052,True
FOMC,29,195.23983623790582,6.732408146134683,14,0.4827586206896552,0.026929632584538732,0.3138609015268349,0.6556897811800528,True
NFP,24,1972.6930495353909,82.19554373064129,20,0.8333333333333334,0.3287821749225652,0.6414692935030095,0.9332132367136705,True
PCE,7,-56.00977390488754,-8.001396272126792,4,0.5714285714285714,-0.03200558508850717,0.2504583645276572,0.8417801447485302,False
