proximity,total_trades,total_pnl,avg_pnl,wins,win_rate,win_ci_low,win_ci_high,avg_return_pct,sample_ok
Within 30 minutes,23,1131.3148045335242,49.18760019710975,16,0.6956521739130435,0.49134243731240795,0.8439597554678597,0.196750400788439,True
Within 1 hour,36,2852.0575095401127,79.22381970944758,27,0.75,0.5892954623327166,0.8624952233700517,0.31689527883779034,True
Within 2 hours,64,4018.764277257226,62.79319183214415,42,0.65625,0.5340364020991819,0.7607685792155665,0.25117276732857663,True
Outside 2 hours,37,-4441.555944977202,-120.0420525669514,15,0.40540540540540543,0.26346518192014284,0.5651403526977063,-0.4801682102678056,True
