event_type,total_trades,total_pnl,avg_pnl,wins,win_rate,avg_return_pct,win_ci_low,win_ci_high,sample_ok
CPI,142,1396.7514416819924,9.83627775832389,77,0.5422535211267606,0.03934511103329556,0.46027522354900896,0.6220059062273567,True
FOMC,108,-5321.44415630192,-49.27263107686963,46,0.42592592592592593,-0.19709052430747853,0.33679220437956364,0.5201481452125187,True
NFP,79,8030.436155638785,101.65109057770614,59,0.7468354430379747,0.4066043623108246,0.6410574056272599,0.8297213633030821,True
PCE,7,-56.00977390488754,-8.001396272126792,4,0.5714285714285714,-0.03200558508850717,0.2504583645276572,0.8417801447485302,False
