day_type,total_trades,total_pnl,avg_pnl,wins,win_rate,win_ci_low,win_ci_high,avg_return_pct,sample_ok
Normal Day,516,-40476.129246626224,-78.44211094307408,234,0.45348837209302323,0.41103546262187757,0.49662869308264784,-0.31376844377229635,True
News Day,101,-422.79166771997643,-4.186056116039371,57,0.5643564356435643,0.46705646765298536,0.6569402808302014,-0.016744224464157482,True
