weekday,total_trades,total_pnl,avg_pnl,wins,win_rate,avg_return_pct,win_ci_low,win_ci_high,sample_ok
Monday,76,-10759.319452196236,-141.56999279205573,36,0.47368421052631576,-0.5662799711682229,0.36542100190605514,0.5844797130973731,True
Tuesday,136,-3351.871505555154,-24.646114011434953,65,0.47794117647058826,-0.09858445604573982,0.39575507336234567,0.5613391957435475,True
Wednesday,165,-15375.805752356267,-93.18670152943193,65,0.3939393939393939,-0.3727468061177277,0.32261063839100584,0.47009430360331067,True
Thursday,146,-11138.762553611834,-76.29289420282078,73,0.5,-0.3051715768112831,0.41994248616670343,0.5800575138332966,True
Friday,94,-273.161650626706,-2.905975006667085,52,0.5531914893617021,-0.01162390002666834,0.4525698634332176,0.6496362986634265,True
